Day,Order,Name,Category,Latitude,Longitude,Address / Google Maps query,Description,Indicative cost,Suggested time,Booking note
1,1,Dublin Airport,Airport,53.4264,-6.2499,"Dublin Airport, Ireland","Arrival, hire-car collection and starting point.",Car hire dependent,Allow 45-75 min,Check rental desk and shuttle details
1,2,Malahide Castle & Gardens,Castle,53.4448,-6.1642,"Malahide Castle and Gardens, Back Road, Malahide, Co. Dublin","An 800-year-old castle estate with guided castle visits, gardens and parkland.",Check current ticket type,60-90 min,Useful rather than essential
1,3,Brú na Bóinne Visitor Centre / Newgrange,Ancient site,53.6947,-6.4463,"Brú na Bóinne Visitor Centre, Donore, Co. Meath, A92 EH5C","UNESCO World Heritage landscape containing Newgrange, Knowth and Dowth. Tours depart from the visitor centre; do not drive directly to Newgrange.",Check official booking page,2-2.5 hrs,Essential - September tickets normally released 30 days ahead
1,4,Monasterboice High Crosses,Monastic site,53.7778,-6.4174,"Monasterboice, Co. Louth, Ireland",Early Christian monastic ruins noted for Muiredach's High Cross and a round tower.,Free,30-40 min,No
1,5,Carlingford,Town / viewpoint,54.0407,-6.1867,"Carlingford, Co. Louth, Ireland","Medieval coastal village beneath the Cooley Mountains, overlooking Carlingford Lough.",Free to explore,60-90 min,No
1,6,Ballymascanlon Hotel,Accommodation,54.0425,-6.3433,"Ballymascanlon Hotel and Golf Resort, Dundalk, Co. Louth",Overnight accommodation.,Booked separately,-,Confirm parking and check-in
2,1,Ballymascanlon Hotel,Accommodation,54.0425,-6.3433,"Ballymascanlon Hotel and Golf Resort, Dundalk, Co. Louth",Day-two departure point.,-,-,-
2,2,Clonmacnoise Monastic Site,Monastic site,53.3263,-7.9861,"Clonmacnoise Monastic Site, Shannonbridge, Co. Offaly","Major early Christian settlement on the River Shannon with ruined churches, round towers and high crosses. The visitor centre has recently been affected by essential works, so recheck before travelling.",Adult listed at €8 when fully operating,75-105 min,Recheck visitor-centre status
2,3,Athlone Castle,Castle / town,53.4235,-7.942,"Athlone Castle Visitor Centre, Castle Street, Athlone",A compact riverside castle and museum beside the historic Shannon crossing; easy to combine with lunch.,Check current admission,45-60 min optional,Usually not essential
2,4,The Sliding Rock Inn,Accommodation,53.2737,-9.0612,"The Sliding Rock Inn, Newcastle Road, Galway",Galway accommodation for two nights.,Booked separately,-,Confirm parking
2,5,Galway Latin Quarter,City walk,53.271,-9.0555,"Latin Quarter, Galway, Ireland","Pedestrian-friendly historic centre around Shop Street, Quay Street and the Spanish Arch.",Free,2 hrs to evening,Reserve dinner only if preferred
3,1,The Sliding Rock Inn,Accommodation,53.2737,-9.0612,"The Sliding Rock Inn, Newcastle Road, Galway",Start and finish of the Connemara loop.,-,-,-
3,2,Oughterard,Town / coffee,53.428,-9.323,"Oughterard, Co. Galway, Ireland",Small gateway town on the shores of Lough Corrib; planned coffee break.,Food/drink only,20 min,No
3,3,Connemara National Park Visitor Centre,National park,53.5538,-9.9486,"Connemara National Park Visitor Centre, Letterfrack, Co. Galway",Free national park with trails ranging from short lower walks to the steeper Diamond Hill circuit.,Free,1.5-3 hrs,No; weather dependent
3,4,Kylemore Abbey & Victorian Walled Garden,Abbey / garden,53.5618,-9.8899,"Kylemore Abbey, Connemara, Co. Galway, H91 VR90","Victorian lakeside castle, Benedictine abbey, neo-Gothic church and restored walled garden.",Check current online rate,2-3 hrs,Recommended
3,5,Clifden,Town,53.4889,-10.019,"Clifden, Co. Galway, Ireland",Colourful market town often described as the capital of Connemara.,Free to explore,45-60 min,No
3,6,Sky Road Upper Viewpoint,Viewpoint,53.5082,-10.0979,"Sky Road Wild Atlantic View Point, Clifden, Co. Galway",High-level viewpoint across the Atlantic islands and the Connemara coast.,Free,20-40 min,No
3,7,The Sliding Rock Inn,Accommodation,53.2737,-9.0612,"The Sliding Rock Inn, Newcastle Road, Galway",Return to Galway.,-,-,-
4,1,The Sliding Rock Inn,Accommodation,53.2737,-9.0612,"The Sliding Rock Inn, Newcastle Road, Galway",Departure point.,-,-,-
4,2,Cliffs of Moher Experience,Cliffs / visitor centre,52.9719,-9.4265,"Cliffs of Moher Experience, Liscannor, Co. Clare, V95 KN9T","Ireland's best-known sea cliffs, with paved viewing areas, exhibition and parking included in the visitor-experience ticket.",Dynamic/time-based; check online,2-2.5 hrs,Recommended; September hours listed as 08:00-19:00
4,3,Doolin,Village / lunch,53.0151,-9.3774,"Doolin, Co. Clare, Ireland",Small coastal village known for traditional music and ferries to the Aran Islands.,Free to explore,60 min,Lunch booking optional
4,4,Poulnabrone Dolmen,Ancient site,53.0486,-9.1405,"Poulnabrone Dolmen, Co. Clare, Ireland",Neolithic portal tomb set within the limestone pavement of the Burren; a useful short scenic stop.,Free,20-30 min,No
4,5,Adare,Village,52.564,-8.7907,"Adare, Co. Limerick, Ireland","Historic village known for thatched cottages, stone buildings and riverside remains.",Free to explore,45-60 min,No
4,6,"Foley's Townhouse, Killarney",Accommodation,52.0598,-9.507,"Foley's Townhouse, High Street, Killarney, Co. Kerry",Killarney accommodation for two nights.,Booked separately,-,Confirm parking arrangements
5,1,"Foley's Townhouse, Killarney",Accommodation,52.0598,-9.507,"Foley's Townhouse, High Street, Killarney, Co. Kerry",Start and finish of the Ring of Kerry day.,-,-,-
5,2,Ladies View,Viewpoint,51.9685,-9.5903,"Ladies View, Killarney National Park, Co. Kerry",Classic elevated view across the Lakes of Killarney.,Free,15-25 min,No
5,3,Moll's Gap,Mountain pass,51.9389,-9.6552,"Moll's Gap, Co. Kerry, Ireland",Mountain pass with views over the MacGillycuddy's Reeks and surrounding valleys.,Free,15-25 min,No
5,4,Kenmare,Town,51.88,-9.583,"Kenmare, Co. Kerry, Ireland",Attractive heritage town at the head of Kenmare Bay.,Free to explore,45-60 min,No
5,5,Sneem,Village,51.8377,-9.8983,"Sneem, Co. Kerry, Ireland","Colourful village split by the River Sneem, with small squares and riverside walks.",Free,30-45 min,No
5,6,Waterville,Coastal stop,51.8288,-10.1716,"Waterville, Co. Kerry, Ireland","Atlantic-facing village on the Iveragh Peninsula, suitable for lunch and a seafront walk.",Free to explore,60 min,Lunch booking optional
5,7,Derrynane Beach,Beach / viewpoint,51.7695,-10.1283,"Derrynane Beach, Caherdaniel, Co. Kerry",Sheltered sandy beach and coastal landscape near Derrynane National Historic Park.,Free; parking may apply,30-60 min,No
5,8,Cahersiveen,Town / viewpoint,51.9488,-10.2229,"Cahersiveen, Co. Kerry, Ireland",Optional west-coast stop and gateway to Skellig Coast viewpoints.,Free,20-40 min,No
5,9,"Foley's Townhouse, Killarney",Accommodation,52.0598,-9.507,"Foley's Townhouse, High Street, Killarney, Co. Kerry",Return to Killarney.,-,-,-
6,1,"Foley's Townhouse, Killarney",Accommodation,52.0598,-9.507,"Foley's Townhouse, High Street, Killarney, Co. Kerry",Departure point.,-,-,-
6,2,Rock of Cashel,Medieval site,52.5201,-7.8905,"Rock of Cashel, St Patrick's Rock, Cashel, Co. Tipperary, E25 KX44","Hilltop medieval complex containing a round tower, Gothic cathedral and Cormac's Chapel.",Adult €8; family €20 listed,1-1.5 hrs,Check Cormac's Chapel tour availability
6,3,Cahir Castle,Castle,52.3758,-7.9256,"Cahir Castle, Castle Street, Cahir, Co. Tipperary, E21 P652","Large, well-preserved medieval castle occupying a rocky island in the River Suir.",Check official rate,60-75 min,Usually not essential
6,4,JB's Bar & Guest House,Accommodation,52.6545,-7.2523,"JB's Bar and Guesthouse, Kilkenny, Ireland",Kilkenny accommodation.,Booked separately,-,Confirm parking
6,5,Kilkenny Castle,Castle,52.6506,-7.2494,"Kilkenny Castle, The Parade, Kilkenny, R95 YRK1",Former Butler family residence overlooking the River Nore; the extensive park is free.,Check current castle admission; park free,60-90 min,Optional online booking
6,6,Medieval Mile,City walk,52.6534,-7.2524,"Medieval Mile, Kilkenny, Ireland",Walkable historic spine linking Kilkenny Castle with St Canice's Cathedral.,Free to walk,1-2 hrs,No
6,7,Kyteler's Inn,Pub / history,52.6532,-7.253,"Kyteler's Inn, St Kieran's Street, Kilkenny",Historic inn associated with the 14th-century trial of Alice Kyteler; suggested evening venue.,Food/drink only,Evening,Dinner booking advisable
7,1,JB's Bar & Guest House,Accommodation,52.6545,-7.2523,"JB's Bar and Guesthouse, Kilkenny, Ireland",Day-seven departure point after a final Kilkenny morning.,-,-,-
7,2,Kilkenny Castle,Castle,52.6506,-7.2494,"Kilkenny Castle, The Parade, Kilkenny, R95 YRK1",Morning castle visit and gardens if not completed on Friday.,Check current admission,1.5-2 hrs,Optional
7,3,Glendalough Monastic Site,Monastic site / lakes,53.0104,-6.3273,"Glendalough Monastic Site and Visitor Centre, Co. Wicklow, A98 HC80","Early medieval monastic settlement in a glacial valley, with round tower, churches and lakeside walks.",Open monastic site free; visitor centre/parking may charge,1.5-2.5 hrs,Optional; allow weekend parking time
7,4,Dublin Airport Hotel Area,Accommodation,53.423,-6.24,"Dublin Airport, Ireland",Stay close to the airport for the 11:15 departure next morning.,Hotel dependent,-,Book in advance
8,1,Dublin Airport Hotel Area,Accommodation,53.423,-6.24,"Dublin Airport, Ireland",Departure morning.,-,-,-
8,2,Dublin Airport,Airport,53.4264,-6.2499,"Dublin Airport, Ireland","Return hire car, bag drop and security for 11:15 flight.",Car-hire fuel/fees dependent,Arrive around 08:15-08:30,Verify terminal and rental return
